{"accs": {"train": [23.017408123791103, 41.19922630560928, 60.34816247582205, 68.27852998065764, 74.85493230174082, 78.33655705996132, 83.55899419729207, 83.55899419729207, 85.29980657640233, 88.39458413926499, 89.74854932301741, 88.97485493230174, 89.55512572533848, 89.55512572533848, 90.9090909090909, 88.20116054158608, 91.48936170212765, 92.26305609284333, 91.87620889748548, 90.32882011605416, 89.36170212765957, 89.94197292069632, 92.26305609284333, 90.71566731141199, 92.06963249516441, 92.06963249516441, 92.84332688588007, 92.84332688588007, 92.84332688588007, 92.84332688588007, 94.97098646034816, 93.81044487427465, 93.42359767891682, 92.06963249516441, 94.97098646034816, 92.26305609284333, 93.23017408123792, 95.93810444874275, 94.39071566731141, 94.97098646034816, 94.77756286266924, 96.13152804642166, 93.81044487427465, 93.61702127659575, 96.13152804642166, 95.74468085106383, 96.90522243713733, 94.39071566731141, 95.55125725338492, 94.97098646034816], "val": [34.54545454545455, 45.45454545454545, 56.36363636363636, 58.18181818181818, 67.27272727272727, 74.54545454545455, 78.18181818181819, 74.54545454545455, 81.81818181818183, 74.54545454545455, 76.36363636363637, 83.63636363636363, 83.63636363636363, 81.81818181818183, 85.45454545454545, 83.63636363636363, 83.63636363636363, 81.81818181818183, 87.27272727272727, 85.45454545454545, 87.27272727272727, 85.45454545454545, 85.45454545454545, 81.81818181818183, 85.45454545454545, 85.45454545454545, 87.27272727272727, 83.63636363636363, 87.27272727272727, 85.45454545454545, 81.81818181818183, 89.0909090909091, 90.9090909090909, 83.63636363636363, 90.9090909090909, 92.72727272727272, 89.0909090909091, 85.45454545454545, 87.27272727272727, 89.0909090909091, 87.27272727272727, 89.0909090909091, 85.45454545454545, 89.0909090909091, 89.0909090909091, 87.27272727272727, 87.27272727272727, 89.0909090909091, 89.0909090909091, 87.27272727272727]}, "losses": {"train": [1.901100072454899, 1.751752272795893, 1.5500703411360544, 1.3678838964587716, 1.1971344788715503, 1.1004551275555816, 0.9852042492169245, 0.9416887266723515, 0.8967575721399466, 0.8726013471125634, 0.8180440554766406, 0.7872587375530191, 0.7780108526781403, 0.7699866442431333, 0.756055001594573, 0.7917615756306012, 0.7531369244337544, 0.7281111914599656, 0.728958927224637, 0.7769924824196319, 0.7567355194682079, 0.7489156600815646, 0.7300793513569196, 0.742716933126837, 0.7341569992974832, 0.7241407063297884, 0.7104899832542907, 0.7082650396302774, 0.697780889860666, 0.7020459893363126, 0.6823331803602223, 0.6911821975237626, 0.6926728544659495, 0.6992950696548594, 0.6655867579366068, 0.7192571552855825, 0.697110537980004, 0.6642914134252463, 0.6853450781141536, 0.6764030944217335, 0.6742393394042261, 0.6484641899684411, 0.6810770331083921, 0.6819686078010722, 0.6489615803530414, 0.6603562109013821, 0.6437276612167432, 0.6721855486154095, 0.6616557119432225, 0.670107374684723], "val": [1.8785899942571467, 1.7306871565905484, 1.455262006412853, 1.2198090401562778, 1.0320152044296265, 0.9339717268943787, 0.8493593161756342, 0.782350218296051, 0.7778700655156916, 0.7713059782981873, 0.8589210705323653, 0.6217154177752409, 0.633534329587763, 0.6226872270757502, 0.6142226403409784, 0.5891798452897505, 0.5559260715137828, 0.6052335999228737, 0.5172041112726385, 0.5310743732885881, 0.47754807255484844, 0.5235630122098056, 0.5130205219442194, 0.48780388181859796, 0.5669398654590954, 0.509078900380568, 0.5347884243184869, 0.524898974461989, 0.5675718936053189, 0.4727844151583585, 0.515962832624262, 0.46804307374087245, 0.4556068637154319, 0.5249579364603216, 0.476330828666687, 0.41362391601909293, 0.43217862844467164, 0.5367443388158625, 0.48167010979218916, 0.4484676090153781, 0.48147117766467007, 0.4748773531480269, 0.5203700217333707, 0.45834391767328436, 0.5114441752433777, 0.47615968855944546, 0.5208078536120329, 0.48168432820927015, 0.42850607525218615, 0.4562740911136974]}}